{
    "0": {
        "precision": 0.8809960281087688,
        "recall": 0.5210516805204193,
        "f1-score": 0.6548200295219712,
        "support": 11068.0
    },
    "1": {
        "precision": 0.25295941375422776,
        "recall": 0.6973581973581974,
        "f1-score": 0.37125129265770423,
        "support": 2574.0
    },
    "accuracy": 0.5543175487465181,
    "macro avg": {
        "precision": 0.5669777209314982,
        "recall": 0.6092049389393084,
        "f1-score": 0.5130356610898377,
        "support": 13642.0
    },
    "weighted avg": {
        "precision": 0.7624968164573549,
        "recall": 0.5543175487465182,
        "f1-score": 0.6013157098702615,
        "support": 13642.0
    }
}